host,host_fingerprint,source_commit,binary_sha256,cargo_lock_sha256,cpu_set,rayon_threads,add_special_tokens,workload,implementation,exact_cells,total_cells,aggregate_mib_s
verda-amd-epyc-9655-32c,198bafb07ddea8ca108101f41fb68707e2e354fbe0f02c72aeafc42b5ac2f0fc,e23b4ff90410bc70a095af8c2c0b0dd63b848493,131b836037daaf7026091cf1057ec66ea3f8bf6df69c9d19e247bcba09ff424b,964c40835860a00ee8e98dcc228cdbf0ded4ae08f13c84a4f2972fcd674427a5,0-31,32,False,code-4k,snaptokens,9,11,65.83904806370558
verda-amd-epyc-9655-32c,198bafb07ddea8ca108101f41fb68707e2e354fbe0f02c72aeafc42b5ac2f0fc,e23b4ff90410bc70a095af8c2c0b0dd63b848493,131b836037daaf7026091cf1057ec66ea3f8bf6df69c9d19e247bcba09ff424b,964c40835860a00ee8e98dcc228cdbf0ded4ae08f13c84a4f2972fcd674427a5,0-31,32,False,code-4k,fastokens,9,11,41.089310620248646
verda-amd-epyc-9655-32c,198bafb07ddea8ca108101f41fb68707e2e354fbe0f02c72aeafc42b5ac2f0fc,e23b4ff90410bc70a095af8c2c0b0dd63b848493,131b836037daaf7026091cf1057ec66ea3f8bf6df69c9d19e247bcba09ff424b,964c40835860a00ee8e98dcc228cdbf0ded4ae08f13c84a4f2972fcd674427a5,0-31,32,False,code-4k,huggingface,9,11,6.140559698879929
verda-amd-epyc-9655-32c,198bafb07ddea8ca108101f41fb68707e2e354fbe0f02c72aeafc42b5ac2f0fc,e23b4ff90410bc70a095af8c2c0b0dd63b848493,131b836037daaf7026091cf1057ec66ea3f8bf6df69c9d19e247bcba09ff424b,964c40835860a00ee8e98dcc228cdbf0ded4ae08f13c84a4f2972fcd674427a5,0-31,32,False,code-4k,kitoken,9,11,21.64380097825381
verda-amd-epyc-9655-32c,198bafb07ddea8ca108101f41fb68707e2e354fbe0f02c72aeafc42b5ac2f0fc,e23b4ff90410bc70a095af8c2c0b0dd63b848493,131b836037daaf7026091cf1057ec66ea3f8bf6df69c9d19e247bcba09ff424b,964c40835860a00ee8e98dcc228cdbf0ded4ae08f13c84a4f2972fcd674427a5,0-31,32,False,long-64k,snaptokens,9,11,99.47876631840721
verda-amd-epyc-9655-32c,198bafb07ddea8ca108101f41fb68707e2e354fbe0f02c72aeafc42b5ac2f0fc,e23b4ff90410bc70a095af8c2c0b0dd63b848493,131b836037daaf7026091cf1057ec66ea3f8bf6df69c9d19e247bcba09ff424b,964c40835860a00ee8e98dcc228cdbf0ded4ae08f13c84a4f2972fcd674427a5,0-31,32,False,long-64k,fastokens,9,11,71.02001926663647
verda-amd-epyc-9655-32c,198bafb07ddea8ca108101f41fb68707e2e354fbe0f02c72aeafc42b5ac2f0fc,e23b4ff90410bc70a095af8c2c0b0dd63b848493,131b836037daaf7026091cf1057ec66ea3f8bf6df69c9d19e247bcba09ff424b,964c40835860a00ee8e98dcc228cdbf0ded4ae08f13c84a4f2972fcd674427a5,0-31,32,False,long-64k,huggingface,9,11,5.356168113843595
verda-amd-epyc-9655-32c,198bafb07ddea8ca108101f41fb68707e2e354fbe0f02c72aeafc42b5ac2f0fc,e23b4ff90410bc70a095af8c2c0b0dd63b848493,131b836037daaf7026091cf1057ec66ea3f8bf6df69c9d19e247bcba09ff424b,964c40835860a00ee8e98dcc228cdbf0ded4ae08f13c84a4f2972fcd674427a5,0-31,32,False,long-64k,kitoken,9,11,22.227262217605574
verda-amd-epyc-9655-32c,198bafb07ddea8ca108101f41fb68707e2e354fbe0f02c72aeafc42b5ac2f0fc,e23b4ff90410bc70a095af8c2c0b0dd63b848493,131b836037daaf7026091cf1057ec66ea3f8bf6df69c9d19e247bcba09ff424b,964c40835860a00ee8e98dcc228cdbf0ded4ae08f13c84a4f2972fcd674427a5,0-31,32,False,short-b1,snaptokens,9,11,5.799896110883739
verda-amd-epyc-9655-32c,198bafb07ddea8ca108101f41fb68707e2e354fbe0f02c72aeafc42b5ac2f0fc,e23b4ff90410bc70a095af8c2c0b0dd63b848493,131b836037daaf7026091cf1057ec66ea3f8bf6df69c9d19e247bcba09ff424b,964c40835860a00ee8e98dcc228cdbf0ded4ae08f13c84a4f2972fcd674427a5,0-31,32,False,short-b1,fastokens,9,11,4.694093369249906
verda-amd-epyc-9655-32c,198bafb07ddea8ca108101f41fb68707e2e354fbe0f02c72aeafc42b5ac2f0fc,e23b4ff90410bc70a095af8c2c0b0dd63b848493,131b836037daaf7026091cf1057ec66ea3f8bf6df69c9d19e247bcba09ff424b,964c40835860a00ee8e98dcc228cdbf0ded4ae08f13c84a4f2972fcd674427a5,0-31,32,False,short-b1,huggingface,9,11,4.968585758559898
verda-amd-epyc-9655-32c,198bafb07ddea8ca108101f41fb68707e2e354fbe0f02c72aeafc42b5ac2f0fc,e23b4ff90410bc70a095af8c2c0b0dd63b848493,131b836037daaf7026091cf1057ec66ea3f8bf6df69c9d19e247bcba09ff424b,964c40835860a00ee8e98dcc228cdbf0ded4ae08f13c84a4f2972fcd674427a5,0-31,32,False,short-b1,kitoken,9,11,19.142620801448697
verda-amd-epyc-9655-32c,198bafb07ddea8ca108101f41fb68707e2e354fbe0f02c72aeafc42b5ac2f0fc,e23b4ff90410bc70a095af8c2c0b0dd63b848493,131b836037daaf7026091cf1057ec66ea3f8bf6df69c9d19e247bcba09ff424b,964c40835860a00ee8e98dcc228cdbf0ded4ae08f13c84a4f2972fcd674427a5,0-31,32,False,short-b1024,snaptokens,4,5,148.37848642231265
verda-amd-epyc-9655-32c,198bafb07ddea8ca108101f41fb68707e2e354fbe0f02c72aeafc42b5ac2f0fc,e23b4ff90410bc70a095af8c2c0b0dd63b848493,131b836037daaf7026091cf1057ec66ea3f8bf6df69c9d19e247bcba09ff424b,964c40835860a00ee8e98dcc228cdbf0ded4ae08f13c84a4f2972fcd674427a5,0-31,32,False,short-b1024,fastokens,4,5,39.93275564963778
verda-amd-epyc-9655-32c,198bafb07ddea8ca108101f41fb68707e2e354fbe0f02c72aeafc42b5ac2f0fc,e23b4ff90410bc70a095af8c2c0b0dd63b848493,131b836037daaf7026091cf1057ec66ea3f8bf6df69c9d19e247bcba09ff424b,964c40835860a00ee8e98dcc228cdbf0ded4ae08f13c84a4f2972fcd674427a5,0-31,32,False,short-b1024,huggingface,4,5,46.7245188812289
verda-amd-epyc-9655-32c,198bafb07ddea8ca108101f41fb68707e2e354fbe0f02c72aeafc42b5ac2f0fc,e23b4ff90410bc70a095af8c2c0b0dd63b848493,131b836037daaf7026091cf1057ec66ea3f8bf6df69c9d19e247bcba09ff424b,964c40835860a00ee8e98dcc228cdbf0ded4ae08f13c84a4f2972fcd674427a5,0-31,32,False,short-b1024,kitoken,4,5,43.59143202162454
verda-amd-epyc-9655-32c,198bafb07ddea8ca108101f41fb68707e2e354fbe0f02c72aeafc42b5ac2f0fc,e23b4ff90410bc70a095af8c2c0b0dd63b848493,131b836037daaf7026091cf1057ec66ea3f8bf6df69c9d19e247bcba09ff424b,964c40835860a00ee8e98dcc228cdbf0ded4ae08f13c84a4f2972fcd674427a5,0-31,32,False,short-b128,snaptokens,4,5,62.72213855785014
verda-amd-epyc-9655-32c,198bafb07ddea8ca108101f41fb68707e2e354fbe0f02c72aeafc42b5ac2f0fc,e23b4ff90410bc70a095af8c2c0b0dd63b848493,131b836037daaf7026091cf1057ec66ea3f8bf6df69c9d19e247bcba09ff424b,964c40835860a00ee8e98dcc228cdbf0ded4ae08f13c84a4f2972fcd674427a5,0-31,32,False,short-b128,fastokens,4,5,23.11366817549545
verda-amd-epyc-9655-32c,198bafb07ddea8ca108101f41fb68707e2e354fbe0f02c72aeafc42b5ac2f0fc,e23b4ff90410bc70a095af8c2c0b0dd63b848493,131b836037daaf7026091cf1057ec66ea3f8bf6df69c9d19e247bcba09ff424b,964c40835860a00ee8e98dcc228cdbf0ded4ae08f13c84a4f2972fcd674427a5,0-31,32,False,short-b128,huggingface,4,5,28.749445632496148
verda-amd-epyc-9655-32c,198bafb07ddea8ca108101f41fb68707e2e354fbe0f02c72aeafc42b5ac2f0fc,e23b4ff90410bc70a095af8c2c0b0dd63b848493,131b836037daaf7026091cf1057ec66ea3f8bf6df69c9d19e247bcba09ff424b,964c40835860a00ee8e98dcc228cdbf0ded4ae08f13c84a4f2972fcd674427a5,0-31,32,False,short-b128,kitoken,4,5,29.699990311651785
verda-amd-epyc-9655-32c,198bafb07ddea8ca108101f41fb68707e2e354fbe0f02c72aeafc42b5ac2f0fc,e23b4ff90410bc70a095af8c2c0b0dd63b848493,131b836037daaf7026091cf1057ec66ea3f8bf6df69c9d19e247bcba09ff424b,964c40835860a00ee8e98dcc228cdbf0ded4ae08f13c84a4f2972fcd674427a5,0-31,32,False,short-b16,snaptokens,4,5,20.754250068518807
verda-amd-epyc-9655-32c,198bafb07ddea8ca108101f41fb68707e2e354fbe0f02c72aeafc42b5ac2f0fc,e23b4ff90410bc70a095af8c2c0b0dd63b848493,131b836037daaf7026091cf1057ec66ea3f8bf6df69c9d19e247bcba09ff424b,964c40835860a00ee8e98dcc228cdbf0ded4ae08f13c84a4f2972fcd674427a5,0-31,32,False,short-b16,fastokens,4,5,10.569015211783475
verda-amd-epyc-9655-32c,198bafb07ddea8ca108101f41fb68707e2e354fbe0f02c72aeafc42b5ac2f0fc,e23b4ff90410bc70a095af8c2c0b0dd63b848493,131b836037daaf7026091cf1057ec66ea3f8bf6df69c9d19e247bcba09ff424b,964c40835860a00ee8e98dcc228cdbf0ded4ae08f13c84a4f2972fcd674427a5,0-31,32,False,short-b16,huggingface,4,5,10.240956289326203
verda-amd-epyc-9655-32c,198bafb07ddea8ca108101f41fb68707e2e354fbe0f02c72aeafc42b5ac2f0fc,e23b4ff90410bc70a095af8c2c0b0dd63b848493,131b836037daaf7026091cf1057ec66ea3f8bf6df69c9d19e247bcba09ff424b,964c40835860a00ee8e98dcc228cdbf0ded4ae08f13c84a4f2972fcd674427a5,0-31,32,False,short-b16,kitoken,4,5,13.889443773621792
verda-amd-epyc-9655-32c,198bafb07ddea8ca108101f41fb68707e2e354fbe0f02c72aeafc42b5ac2f0fc,e23b4ff90410bc70a095af8c2c0b0dd63b848493,131b836037daaf7026091cf1057ec66ea3f8bf6df69c9d19e247bcba09ff424b,964c40835860a00ee8e98dcc228cdbf0ded4ae08f13c84a4f2972fcd674427a5,0-31,32,False,short-b2,snaptokens,4,5,9.218961460065515
verda-amd-epyc-9655-32c,198bafb07ddea8ca108101f41fb68707e2e354fbe0f02c72aeafc42b5ac2f0fc,e23b4ff90410bc70a095af8c2c0b0dd63b848493,131b836037daaf7026091cf1057ec66ea3f8bf6df69c9d19e247bcba09ff424b,964c40835860a00ee8e98dcc228cdbf0ded4ae08f13c84a4f2972fcd674427a5,0-31,32,False,short-b2,fastokens,4,5,4.504203647774786
verda-amd-epyc-9655-32c,198bafb07ddea8ca108101f41fb68707e2e354fbe0f02c72aeafc42b5ac2f0fc,e23b4ff90410bc70a095af8c2c0b0dd63b848493,131b836037daaf7026091cf1057ec66ea3f8bf6df69c9d19e247bcba09ff424b,964c40835860a00ee8e98dcc228cdbf0ded4ae08f13c84a4f2972fcd674427a5,0-31,32,False,short-b2,huggingface,4,5,4.486476405749073
verda-amd-epyc-9655-32c,198bafb07ddea8ca108101f41fb68707e2e354fbe0f02c72aeafc42b5ac2f0fc,e23b4ff90410bc70a095af8c2c0b0dd63b848493,131b836037daaf7026091cf1057ec66ea3f8bf6df69c9d19e247bcba09ff424b,964c40835860a00ee8e98dcc228cdbf0ded4ae08f13c84a4f2972fcd674427a5,0-31,32,False,short-b2,kitoken,4,5,7.581613256095507
verda-amd-epyc-9655-32c,198bafb07ddea8ca108101f41fb68707e2e354fbe0f02c72aeafc42b5ac2f0fc,e23b4ff90410bc70a095af8c2c0b0dd63b848493,131b836037daaf7026091cf1057ec66ea3f8bf6df69c9d19e247bcba09ff424b,964c40835860a00ee8e98dcc228cdbf0ded4ae08f13c84a4f2972fcd674427a5,0-31,32,False,short-b256,snaptokens,4,5,85.24779394850768
verda-amd-epyc-9655-32c,198bafb07ddea8ca108101f41fb68707e2e354fbe0f02c72aeafc42b5ac2f0fc,e23b4ff90410bc70a095af8c2c0b0dd63b848493,131b836037daaf7026091cf1057ec66ea3f8bf6df69c9d19e247bcba09ff424b,964c40835860a00ee8e98dcc228cdbf0ded4ae08f13c84a4f2972fcd674427a5,0-31,32,False,short-b256,fastokens,4,5,28.820691755029255
verda-amd-epyc-9655-32c,198bafb07ddea8ca108101f41fb68707e2e354fbe0f02c72aeafc42b5ac2f0fc,e23b4ff90410bc70a095af8c2c0b0dd63b848493,131b836037daaf7026091cf1057ec66ea3f8bf6df69c9d19e247bcba09ff424b,964c40835860a00ee8e98dcc228cdbf0ded4ae08f13c84a4f2972fcd674427a5,0-31,32,False,short-b256,huggingface,4,5,34.84710380817167
verda-amd-epyc-9655-32c,198bafb07ddea8ca108101f41fb68707e2e354fbe0f02c72aeafc42b5ac2f0fc,e23b4ff90410bc70a095af8c2c0b0dd63b848493,131b836037daaf7026091cf1057ec66ea3f8bf6df69c9d19e247bcba09ff424b,964c40835860a00ee8e98dcc228cdbf0ded4ae08f13c84a4f2972fcd674427a5,0-31,32,False,short-b256,kitoken,4,5,35.201936754257645
verda-amd-epyc-9655-32c,198bafb07ddea8ca108101f41fb68707e2e354fbe0f02c72aeafc42b5ac2f0fc,e23b4ff90410bc70a095af8c2c0b0dd63b848493,131b836037daaf7026091cf1057ec66ea3f8bf6df69c9d19e247bcba09ff424b,964c40835860a00ee8e98dcc228cdbf0ded4ae08f13c84a4f2972fcd674427a5,0-31,32,False,short-b32,snaptokens,9,11,38.839678417677305
verda-amd-epyc-9655-32c,198bafb07ddea8ca108101f41fb68707e2e354fbe0f02c72aeafc42b5ac2f0fc,e23b4ff90410bc70a095af8c2c0b0dd63b848493,131b836037daaf7026091cf1057ec66ea3f8bf6df69c9d19e247bcba09ff424b,964c40835860a00ee8e98dcc228cdbf0ded4ae08f13c84a4f2972fcd674427a5,0-31,32,False,short-b32,fastokens,9,11,13.976255028076618
verda-amd-epyc-9655-32c,198bafb07ddea8ca108101f41fb68707e2e354fbe0f02c72aeafc42b5ac2f0fc,e23b4ff90410bc70a095af8c2c0b0dd63b848493,131b836037daaf7026091cf1057ec66ea3f8bf6df69c9d19e247bcba09ff424b,964c40835860a00ee8e98dcc228cdbf0ded4ae08f13c84a4f2972fcd674427a5,0-31,32,False,short-b32,huggingface,9,11,16.680045107024707
verda-amd-epyc-9655-32c,198bafb07ddea8ca108101f41fb68707e2e354fbe0f02c72aeafc42b5ac2f0fc,e23b4ff90410bc70a095af8c2c0b0dd63b848493,131b836037daaf7026091cf1057ec66ea3f8bf6df69c9d19e247bcba09ff424b,964c40835860a00ee8e98dcc228cdbf0ded4ae08f13c84a4f2972fcd674427a5,0-31,32,False,short-b32,kitoken,9,11,17.896679390233288
verda-amd-epyc-9655-32c,198bafb07ddea8ca108101f41fb68707e2e354fbe0f02c72aeafc42b5ac2f0fc,e23b4ff90410bc70a095af8c2c0b0dd63b848493,131b836037daaf7026091cf1057ec66ea3f8bf6df69c9d19e247bcba09ff424b,964c40835860a00ee8e98dcc228cdbf0ded4ae08f13c84a4f2972fcd674427a5,0-31,32,False,short-b4,snaptokens,4,5,10.174402012535765
verda-amd-epyc-9655-32c,198bafb07ddea8ca108101f41fb68707e2e354fbe0f02c72aeafc42b5ac2f0fc,e23b4ff90410bc70a095af8c2c0b0dd63b848493,131b836037daaf7026091cf1057ec66ea3f8bf6df69c9d19e247bcba09ff424b,964c40835860a00ee8e98dcc228cdbf0ded4ae08f13c84a4f2972fcd674427a5,0-31,32,False,short-b4,fastokens,4,5,5.974690738443226
verda-amd-epyc-9655-32c,198bafb07ddea8ca108101f41fb68707e2e354fbe0f02c72aeafc42b5ac2f0fc,e23b4ff90410bc70a095af8c2c0b0dd63b848493,131b836037daaf7026091cf1057ec66ea3f8bf6df69c9d19e247bcba09ff424b,964c40835860a00ee8e98dcc228cdbf0ded4ae08f13c84a4f2972fcd674427a5,0-31,32,False,short-b4,huggingface,4,5,6.222156574699932
verda-amd-epyc-9655-32c,198bafb07ddea8ca108101f41fb68707e2e354fbe0f02c72aeafc42b5ac2f0fc,e23b4ff90410bc70a095af8c2c0b0dd63b848493,131b836037daaf7026091cf1057ec66ea3f8bf6df69c9d19e247bcba09ff424b,964c40835860a00ee8e98dcc228cdbf0ded4ae08f13c84a4f2972fcd674427a5,0-31,32,False,short-b4,kitoken,4,5,8.667024246266173
verda-amd-epyc-9655-32c,198bafb07ddea8ca108101f41fb68707e2e354fbe0f02c72aeafc42b5ac2f0fc,e23b4ff90410bc70a095af8c2c0b0dd63b848493,131b836037daaf7026091cf1057ec66ea3f8bf6df69c9d19e247bcba09ff424b,964c40835860a00ee8e98dcc228cdbf0ded4ae08f13c84a4f2972fcd674427a5,0-31,32,False,short-b512,snaptokens,9,11,113.7754930632466
verda-amd-epyc-9655-32c,198bafb07ddea8ca108101f41fb68707e2e354fbe0f02c72aeafc42b5ac2f0fc,e23b4ff90410bc70a095af8c2c0b0dd63b848493,131b836037daaf7026091cf1057ec66ea3f8bf6df69c9d19e247bcba09ff424b,964c40835860a00ee8e98dcc228cdbf0ded4ae08f13c84a4f2972fcd674427a5,0-31,32,False,short-b512,fastokens,9,11,35.3016733670148
verda-amd-epyc-9655-32c,198bafb07ddea8ca108101f41fb68707e2e354fbe0f02c72aeafc42b5ac2f0fc,e23b4ff90410bc70a095af8c2c0b0dd63b848493,131b836037daaf7026091cf1057ec66ea3f8bf6df69c9d19e247bcba09ff424b,964c40835860a00ee8e98dcc228cdbf0ded4ae08f13c84a4f2972fcd674427a5,0-31,32,False,short-b512,huggingface,9,11,41.93789596755601
verda-amd-epyc-9655-32c,198bafb07ddea8ca108101f41fb68707e2e354fbe0f02c72aeafc42b5ac2f0fc,e23b4ff90410bc70a095af8c2c0b0dd63b848493,131b836037daaf7026091cf1057ec66ea3f8bf6df69c9d19e247bcba09ff424b,964c40835860a00ee8e98dcc228cdbf0ded4ae08f13c84a4f2972fcd674427a5,0-31,32,False,short-b512,kitoken,9,11,39.90026895658587
verda-amd-epyc-9655-32c,198bafb07ddea8ca108101f41fb68707e2e354fbe0f02c72aeafc42b5ac2f0fc,e23b4ff90410bc70a095af8c2c0b0dd63b848493,131b836037daaf7026091cf1057ec66ea3f8bf6df69c9d19e247bcba09ff424b,964c40835860a00ee8e98dcc228cdbf0ded4ae08f13c84a4f2972fcd674427a5,0-31,32,False,short-b64,snaptokens,4,5,46.63554674818603
verda-amd-epyc-9655-32c,198bafb07ddea8ca108101f41fb68707e2e354fbe0f02c72aeafc42b5ac2f0fc,e23b4ff90410bc70a095af8c2c0b0dd63b848493,131b836037daaf7026091cf1057ec66ea3f8bf6df69c9d19e247bcba09ff424b,964c40835860a00ee8e98dcc228cdbf0ded4ae08f13c84a4f2972fcd674427a5,0-31,32,False,short-b64,fastokens,4,5,17.707814640164734
verda-amd-epyc-9655-32c,198bafb07ddea8ca108101f41fb68707e2e354fbe0f02c72aeafc42b5ac2f0fc,e23b4ff90410bc70a095af8c2c0b0dd63b848493,131b836037daaf7026091cf1057ec66ea3f8bf6df69c9d19e247bcba09ff424b,964c40835860a00ee8e98dcc228cdbf0ded4ae08f13c84a4f2972fcd674427a5,0-31,32,False,short-b64,huggingface,4,5,22.44752324891681
verda-amd-epyc-9655-32c,198bafb07ddea8ca108101f41fb68707e2e354fbe0f02c72aeafc42b5ac2f0fc,e23b4ff90410bc70a095af8c2c0b0dd63b848493,131b836037daaf7026091cf1057ec66ea3f8bf6df69c9d19e247bcba09ff424b,964c40835860a00ee8e98dcc228cdbf0ded4ae08f13c84a4f2972fcd674427a5,0-31,32,False,short-b64,kitoken,4,5,23.085563031330214
verda-amd-epyc-9655-32c,198bafb07ddea8ca108101f41fb68707e2e354fbe0f02c72aeafc42b5ac2f0fc,e23b4ff90410bc70a095af8c2c0b0dd63b848493,131b836037daaf7026091cf1057ec66ea3f8bf6df69c9d19e247bcba09ff424b,964c40835860a00ee8e98dcc228cdbf0ded4ae08f13c84a4f2972fcd674427a5,0-31,32,False,short-b8,snaptokens,4,5,12.994950663178427
verda-amd-epyc-9655-32c,198bafb07ddea8ca108101f41fb68707e2e354fbe0f02c72aeafc42b5ac2f0fc,e23b4ff90410bc70a095af8c2c0b0dd63b848493,131b836037daaf7026091cf1057ec66ea3f8bf6df69c9d19e247bcba09ff424b,964c40835860a00ee8e98dcc228cdbf0ded4ae08f13c84a4f2972fcd674427a5,0-31,32,False,short-b8,fastokens,4,5,7.94089898610327
verda-amd-epyc-9655-32c,198bafb07ddea8ca108101f41fb68707e2e354fbe0f02c72aeafc42b5ac2f0fc,e23b4ff90410bc70a095af8c2c0b0dd63b848493,131b836037daaf7026091cf1057ec66ea3f8bf6df69c9d19e247bcba09ff424b,964c40835860a00ee8e98dcc228cdbf0ded4ae08f13c84a4f2972fcd674427a5,0-31,32,False,short-b8,huggingface,4,5,8.367661029674212
verda-amd-epyc-9655-32c,198bafb07ddea8ca108101f41fb68707e2e354fbe0f02c72aeafc42b5ac2f0fc,e23b4ff90410bc70a095af8c2c0b0dd63b848493,131b836037daaf7026091cf1057ec66ea3f8bf6df69c9d19e247bcba09ff424b,964c40835860a00ee8e98dcc228cdbf0ded4ae08f13c84a4f2972fcd674427a5,0-31,32,False,short-b8,kitoken,4,5,10.685313419774511
verda-amd-epyc-9655-32c,198bafb07ddea8ca108101f41fb68707e2e354fbe0f02c72aeafc42b5ac2f0fc,e23b4ff90410bc70a095af8c2c0b0dd63b848493,131b836037daaf7026091cf1057ec66ea3f8bf6df69c9d19e247bcba09ff424b,964c40835860a00ee8e98dcc228cdbf0ded4ae08f13c84a4f2972fcd674427a5,0-31,32,False,warm-b1,snaptokens,4,5,8.960864828639764
verda-amd-epyc-9655-32c,198bafb07ddea8ca108101f41fb68707e2e354fbe0f02c72aeafc42b5ac2f0fc,e23b4ff90410bc70a095af8c2c0b0dd63b848493,131b836037daaf7026091cf1057ec66ea3f8bf6df69c9d19e247bcba09ff424b,964c40835860a00ee8e98dcc228cdbf0ded4ae08f13c84a4f2972fcd674427a5,0-31,32,False,warm-b1,fastokens,4,5,5.744052229427871
verda-amd-epyc-9655-32c,198bafb07ddea8ca108101f41fb68707e2e354fbe0f02c72aeafc42b5ac2f0fc,e23b4ff90410bc70a095af8c2c0b0dd63b848493,131b836037daaf7026091cf1057ec66ea3f8bf6df69c9d19e247bcba09ff424b,964c40835860a00ee8e98dcc228cdbf0ded4ae08f13c84a4f2972fcd674427a5,0-31,32,False,warm-b1,huggingface,4,5,5.785451456751345
verda-amd-epyc-9655-32c,198bafb07ddea8ca108101f41fb68707e2e354fbe0f02c72aeafc42b5ac2f0fc,e23b4ff90410bc70a095af8c2c0b0dd63b848493,131b836037daaf7026091cf1057ec66ea3f8bf6df69c9d19e247bcba09ff424b,964c40835860a00ee8e98dcc228cdbf0ded4ae08f13c84a4f2972fcd674427a5,0-31,32,False,warm-b1,kitoken,4,5,22.007208077274026
verda-amd-epyc-9655-32c,198bafb07ddea8ca108101f41fb68707e2e354fbe0f02c72aeafc42b5ac2f0fc,e23b4ff90410bc70a095af8c2c0b0dd63b848493,131b836037daaf7026091cf1057ec66ea3f8bf6df69c9d19e247bcba09ff424b,964c40835860a00ee8e98dcc228cdbf0ded4ae08f13c84a4f2972fcd674427a5,0-31,32,False,warm-b32,snaptokens,4,5,50.962467253976065
verda-amd-epyc-9655-32c,198bafb07ddea8ca108101f41fb68707e2e354fbe0f02c72aeafc42b5ac2f0fc,e23b4ff90410bc70a095af8c2c0b0dd63b848493,131b836037daaf7026091cf1057ec66ea3f8bf6df69c9d19e247bcba09ff424b,964c40835860a00ee8e98dcc228cdbf0ded4ae08f13c84a4f2972fcd674427a5,0-31,32,False,warm-b32,fastokens,4,5,17.962199874841875
verda-amd-epyc-9655-32c,198bafb07ddea8ca108101f41fb68707e2e354fbe0f02c72aeafc42b5ac2f0fc,e23b4ff90410bc70a095af8c2c0b0dd63b848493,131b836037daaf7026091cf1057ec66ea3f8bf6df69c9d19e247bcba09ff424b,964c40835860a00ee8e98dcc228cdbf0ded4ae08f13c84a4f2972fcd674427a5,0-31,32,False,warm-b32,huggingface,4,5,17.517742969361862
verda-amd-epyc-9655-32c,198bafb07ddea8ca108101f41fb68707e2e354fbe0f02c72aeafc42b5ac2f0fc,e23b4ff90410bc70a095af8c2c0b0dd63b848493,131b836037daaf7026091cf1057ec66ea3f8bf6df69c9d19e247bcba09ff424b,964c40835860a00ee8e98dcc228cdbf0ded4ae08f13c84a4f2972fcd674427a5,0-31,32,False,warm-b32,kitoken,4,5,17.43941459800002
verda-amd-epyc-9655-32c,198bafb07ddea8ca108101f41fb68707e2e354fbe0f02c72aeafc42b5ac2f0fc,e23b4ff90410bc70a095af8c2c0b0dd63b848493,131b836037daaf7026091cf1057ec66ea3f8bf6df69c9d19e247bcba09ff424b,964c40835860a00ee8e98dcc228cdbf0ded4ae08f13c84a4f2972fcd674427a5,0-31,32,False,warm-b512,snaptokens,4,5,171.68958309204837
verda-amd-epyc-9655-32c,198bafb07ddea8ca108101f41fb68707e2e354fbe0f02c72aeafc42b5ac2f0fc,e23b4ff90410bc70a095af8c2c0b0dd63b848493,131b836037daaf7026091cf1057ec66ea3f8bf6df69c9d19e247bcba09ff424b,964c40835860a00ee8e98dcc228cdbf0ded4ae08f13c84a4f2972fcd674427a5,0-31,32,False,warm-b512,fastokens,4,5,48.98325756221459
verda-amd-epyc-9655-32c,198bafb07ddea8ca108101f41fb68707e2e354fbe0f02c72aeafc42b5ac2f0fc,e23b4ff90410bc70a095af8c2c0b0dd63b848493,131b836037daaf7026091cf1057ec66ea3f8bf6df69c9d19e247bcba09ff424b,964c40835860a00ee8e98dcc228cdbf0ded4ae08f13c84a4f2972fcd674427a5,0-31,32,False,warm-b512,huggingface,4,5,46.675651874197484
verda-amd-epyc-9655-32c,198bafb07ddea8ca108101f41fb68707e2e354fbe0f02c72aeafc42b5ac2f0fc,e23b4ff90410bc70a095af8c2c0b0dd63b848493,131b836037daaf7026091cf1057ec66ea3f8bf6df69c9d19e247bcba09ff424b,964c40835860a00ee8e98dcc228cdbf0ded4ae08f13c84a4f2972fcd674427a5,0-31,32,False,warm-b512,kitoken,4,5,38.129220231171544
