host,host_fingerprint,source_commit,binary_sha256,cargo_lock_sha256,cpu_set,rayon_threads,add_special_tokens,panel,implementation,exact_cells,speedup,observed_wins,observed_losses,observed_ties,material_wins,material_losses,near_ties
verda-amd-epyc-9655-32c,198bafb07ddea8ca108101f41fb68707e2e354fbe0f02c72aeafc42b5ac2f0fc,e23b4ff90410bc70a095af8c2c0b0dd63b848493,131b836037daaf7026091cf1057ec66ea3f8bf6df69c9d19e247bcba09ff424b,964c40835860a00ee8e98dcc228cdbf0ded4ae08f13c84a4f2972fcd674427a5,0-31,32,False,core-novel,fastokens,45,1.9134852450255624,44,1,0,44,1,0
verda-amd-epyc-9655-32c,198bafb07ddea8ca108101f41fb68707e2e354fbe0f02c72aeafc42b5ac2f0fc,e23b4ff90410bc70a095af8c2c0b0dd63b848493,131b836037daaf7026091cf1057ec66ea3f8bf6df69c9d19e247bcba09ff424b,964c40835860a00ee8e98dcc228cdbf0ded4ae08f13c84a4f2972fcd674427a5,0-31,32,False,core-novel,gigatoken,50,0.2512640459936191,0,50,0,0,50,0
verda-amd-epyc-9655-32c,198bafb07ddea8ca108101f41fb68707e2e354fbe0f02c72aeafc42b5ac2f0fc,e23b4ff90410bc70a095af8c2c0b0dd63b848493,131b836037daaf7026091cf1057ec66ea3f8bf6df69c9d19e247bcba09ff424b,964c40835860a00ee8e98dcc228cdbf0ded4ae08f13c84a4f2972fcd674427a5,0-31,32,False,core-novel,huggingface,55,4.516808386664596,52,3,0,51,3,1
verda-amd-epyc-9655-32c,198bafb07ddea8ca108101f41fb68707e2e354fbe0f02c72aeafc42b5ac2f0fc,e23b4ff90410bc70a095af8c2c0b0dd63b848493,131b836037daaf7026091cf1057ec66ea3f8bf6df69c9d19e247bcba09ff424b,964c40835860a00ee8e98dcc228cdbf0ded4ae08f13c84a4f2972fcd674427a5,0-31,32,False,core-novel,kitoken,50,1.9700870099278143,40,10,0,40,10,0
verda-amd-epyc-9655-32c,198bafb07ddea8ca108101f41fb68707e2e354fbe0f02c72aeafc42b5ac2f0fc,e23b4ff90410bc70a095af8c2c0b0dd63b848493,131b836037daaf7026091cf1057ec66ea3f8bf6df69c9d19e247bcba09ff424b,964c40835860a00ee8e98dcc228cdbf0ded4ae08f13c84a4f2972fcd674427a5,0-31,32,False,core-novel,splintr,40,2.627084494634366,32,8,0,32,8,0
verda-amd-epyc-9655-32c,198bafb07ddea8ca108101f41fb68707e2e354fbe0f02c72aeafc42b5ac2f0fc,e23b4ff90410bc70a095af8c2c0b0dd63b848493,131b836037daaf7026091cf1057ec66ea3f8bf6df69c9d19e247bcba09ff424b,964c40835860a00ee8e98dcc228cdbf0ded4ae08f13c84a4f2972fcd674427a5,0-31,32,False,deep-novel,fastokens,32,2.3330782607452276,32,0,0,32,0,0
verda-amd-epyc-9655-32c,198bafb07ddea8ca108101f41fb68707e2e354fbe0f02c72aeafc42b5ac2f0fc,e23b4ff90410bc70a095af8c2c0b0dd63b848493,131b836037daaf7026091cf1057ec66ea3f8bf6df69c9d19e247bcba09ff424b,964c40835860a00ee8e98dcc228cdbf0ded4ae08f13c84a4f2972fcd674427a5,0-31,32,False,deep-novel,gigatoken,40,0.21718144373101939,2,38,0,2,37,1
verda-amd-epyc-9655-32c,198bafb07ddea8ca108101f41fb68707e2e354fbe0f02c72aeafc42b5ac2f0fc,e23b4ff90410bc70a095af8c2c0b0dd63b848493,131b836037daaf7026091cf1057ec66ea3f8bf6df69c9d19e247bcba09ff424b,964c40835860a00ee8e98dcc228cdbf0ded4ae08f13c84a4f2972fcd674427a5,0-31,32,False,deep-novel,huggingface,40,2.1246925737900813,40,0,0,40,0,0
verda-amd-epyc-9655-32c,198bafb07ddea8ca108101f41fb68707e2e354fbe0f02c72aeafc42b5ac2f0fc,e23b4ff90410bc70a095af8c2c0b0dd63b848493,131b836037daaf7026091cf1057ec66ea3f8bf6df69c9d19e247bcba09ff424b,964c40835860a00ee8e98dcc228cdbf0ded4ae08f13c84a4f2972fcd674427a5,0-31,32,False,deep-novel,kitoken,40,1.9731190794854565,40,0,0,40,0,0
verda-amd-epyc-9655-32c,198bafb07ddea8ca108101f41fb68707e2e354fbe0f02c72aeafc42b5ac2f0fc,e23b4ff90410bc70a095af8c2c0b0dd63b848493,131b836037daaf7026091cf1057ec66ea3f8bf6df69c9d19e247bcba09ff424b,964c40835860a00ee8e98dcc228cdbf0ded4ae08f13c84a4f2972fcd674427a5,0-31,32,False,deep-novel,splintr,32,2.3809218695206273,32,0,0,32,0,0
verda-amd-epyc-9655-32c,198bafb07ddea8ca108101f41fb68707e2e354fbe0f02c72aeafc42b5ac2f0fc,e23b4ff90410bc70a095af8c2c0b0dd63b848493,131b836037daaf7026091cf1057ec66ea3f8bf6df69c9d19e247bcba09ff424b,964c40835860a00ee8e98dcc228cdbf0ded4ae08f13c84a4f2972fcd674427a5,0-31,32,False,warm-repeated,fastokens,12,2.528147158676349,12,0,0,12,0,0
verda-amd-epyc-9655-32c,198bafb07ddea8ca108101f41fb68707e2e354fbe0f02c72aeafc42b5ac2f0fc,e23b4ff90410bc70a095af8c2c0b0dd63b848493,131b836037daaf7026091cf1057ec66ea3f8bf6df69c9d19e247bcba09ff424b,964c40835860a00ee8e98dcc228cdbf0ded4ae08f13c84a4f2972fcd674427a5,0-31,32,False,warm-repeated,gigatoken,15,0.13486930711279574,0,15,0,0,15,0
verda-amd-epyc-9655-32c,198bafb07ddea8ca108101f41fb68707e2e354fbe0f02c72aeafc42b5ac2f0fc,e23b4ff90410bc70a095af8c2c0b0dd63b848493,131b836037daaf7026091cf1057ec66ea3f8bf6df69c9d19e247bcba09ff424b,964c40835860a00ee8e98dcc228cdbf0ded4ae08f13c84a4f2972fcd674427a5,0-31,32,False,warm-repeated,huggingface,15,2.58181629332104,15,0,0,15,0,0
verda-amd-epyc-9655-32c,198bafb07ddea8ca108101f41fb68707e2e354fbe0f02c72aeafc42b5ac2f0fc,e23b4ff90410bc70a095af8c2c0b0dd63b848493,131b836037daaf7026091cf1057ec66ea3f8bf6df69c9d19e247bcba09ff424b,964c40835860a00ee8e98dcc228cdbf0ded4ae08f13c84a4f2972fcd674427a5,0-31,32,False,warm-repeated,iree,3,2.4551377182156746,2,1,0,2,1,0
verda-amd-epyc-9655-32c,198bafb07ddea8ca108101f41fb68707e2e354fbe0f02c72aeafc42b5ac2f0fc,e23b4ff90410bc70a095af8c2c0b0dd63b848493,131b836037daaf7026091cf1057ec66ea3f8bf6df69c9d19e247bcba09ff424b,964c40835860a00ee8e98dcc228cdbf0ded4ae08f13c84a4f2972fcd674427a5,0-31,32,False,warm-repeated,kitoken,15,1.864578864990984,10,5,0,10,5,0
verda-amd-epyc-9655-32c,198bafb07ddea8ca108101f41fb68707e2e354fbe0f02c72aeafc42b5ac2f0fc,e23b4ff90410bc70a095af8c2c0b0dd63b848493,131b836037daaf7026091cf1057ec66ea3f8bf6df69c9d19e247bcba09ff424b,964c40835860a00ee8e98dcc228cdbf0ded4ae08f13c84a4f2972fcd674427a5,0-31,32,False,warm-repeated,splintr,12,1.4001431235384394,8,4,0,8,4,0
verda-amd-epyc-9655-32c,198bafb07ddea8ca108101f41fb68707e2e354fbe0f02c72aeafc42b5ac2f0fc,e23b4ff90410bc70a095af8c2c0b0dd63b848493,131b836037daaf7026091cf1057ec66ea3f8bf6df69c9d19e247bcba09ff424b,964c40835860a00ee8e98dcc228cdbf0ded4ae08f13c84a4f2972fcd674427a5,0-31,32,False,warm-repeated,tokie,12,0.5654221404494962,4,8,0,4,8,0
